,politic,sport,economy,health,entertainment,history,technology,tourism,culture,fashion,religion,environment,education,relationship
politic,253,1,21,20,3,3,0,1,1,0,3,1,2,1
sport,5,243,0,1,6,0,0,1,0,0,0,0,0,0
economy,19,1,155,4,2,0,9,0,0,0,0,0,1,0
health,34,0,10,144,5,2,1,0,0,0,3,0,0,4
entertainment,7,4,3,3,234,1,0,0,1,3,2,0,0,6
history,10,1,0,3,0,15,0,0,2,0,1,0,1,1
technology,4,0,5,3,1,1,23,0,0,0,0,0,1,0
tourism,1,0,2,0,0,0,0,14,0,0,0,0,0,0
culture,4,0,0,1,4,1,0,0,18,0,1,0,1,1
fashion,0,1,0,0,7,0,0,0,0,11,0,0,0,0
religion,3,0,1,4,5,1,0,0,0,0,90,0,0,1
environment,1,0,2,3,1,0,0,2,0,0,0,12,0,0
education,2,1,4,3,1,0,0,0,1,0,0,0,11,2
relationship,3,0,0,4,10,0,0,0,0,0,0,0,0,94
