experiment,reference,change,hypothesis,validation_accuracy,validation_macro_f1,validation_weighted_f1
majority,,Most frequent class,Reference score for class imbalance,0.19138461538461538,0.022948642266824085,0.06148823903369358
word_unigram,,Word unigram TF-IDF with linear SVM,"Strong, interpretable text baseline",0.8061538461538461,0.7176317963989644,0.8026748217474952
word_bigram,word_unigram,Add word bigrams,Two-word phrases may identify topics more precisely,0.812923076923077,0.7191055331128618,0.8089946742268481
character,word_unigram,Replace word features with character 3–5-grams,Subword patterns may help with Kinyarwanda morphology and spelling variation,0.8086153846153846,0.7288762911453593,0.8059843682478414
word_character,word_bigram,Add character 3–5-gram features,Combining word and subword cues may improve minority-class recall,0.8147692307692308,0.7302140157925213,0.8121222636621213
gru,,Bidirectional GRU with learned embeddings,A sequence model may capture word order missed by TF-IDF,0.6153846153846154,0.3887121127121775,0.6033356698112384
lstm,gru,Replace GRU cells with LSTM cells,LSTM memory gates may retain longer article context,0.6633846153846154,0.3993764768051256,0.6455093436909953
lstm_8epochs,lstm,Raise maximum epochs from 4 to 8,More updates may help before validation loss stops falling,0.699076923076923,0.44735258501726954,0.684157823298676
lstm_8epochs_320tokens,lstm_8epochs,Raise input length from 160 to 320 tokens,More article context may improve topic recognition,0.5433846153846154,0.23716853422876807,0.46554135829190274
